Country,Happiness Score,Economy,Family,Health,Freedom,Generosity,Corruption,Country_merge
Afghanistan,1.364,0.649,0.0,0.155,0.0,0.075,0.135,Afghanistan
Albania,5.411,1.371,1.122,0.696,0.841,0.103,0.057,Albania
Algeria,5.571,1.315,1.363,0.782,0.522,0.057,0.219,Algeria
Argentina,6.397,1.504,1.622,0.579,0.824,0.048,0.083,Argentina
Armenia,5.494,1.391,1.349,0.828,0.786,0.032,0.158,Armenia
Australia,6.974,1.767,1.647,0.841,0.857,0.164,0.285,Australia
Austria,6.81,1.791,1.592,0.814,0.856,0.179,0.28,Austria
Azerbaijan,4.875,1.428,1.03,0.707,0.785,0.076,0.179,Azerbaijan
Bahrain,6.03,1.752,1.391,0.609,0.907,0.148,0.167,Bahrain
Bangladesh,3.851,1.116,0.286,0.592,0.92,0.11,0.132,Bangladesh
Belgium,6.91,1.783,1.646,0.852,0.895,0.119,0.306,Belgium
Belize,6.711,1.256,1.54,0.525,1.018,0.072,0.082,Belize
Benin,4.357,0.855,0.228,0.357,0.679,0.092,0.238,Benin
Bolivia,5.868,1.173,1.356,0.346,0.817,0.067,0.052,Bolivia
Bosnia and Herzegovina,6.136,1.405,1.545,0.616,0.749,0.178,0.009,Bosnia and Herzegovina
Botswana,3.438,1.388,1.146,0.094,0.697,0.018,0.083,Botswana
Brazil,6.494,1.391,1.519,0.48,0.83,0.089,0.127,Brazil
Bulgaria,5.554,1.573,1.725,0.463,0.708,0.055,0.0,Bulgaria
Burkina Faso,4.383,0.724,0.828,0.296,0.671,0.142,0.218,Burkina Faso
Cambodia,4.341,1.049,1.215,0.481,0.988,0.138,0.078,Cambodia
Cameroon,4.887,0.944,0.986,0.302,0.662,0.099,0.06,Cameroon
Canada,6.803,1.749,1.647,0.832,0.813,0.168,0.323,Canada
Chad,4.384,0.592,0.902,0.242,0.477,0.175,0.111,Chad
Chile,6.361,1.537,1.577,0.711,0.779,0.093,0.085,Chile
China,5.921,1.445,1.307,0.789,0.764,0.079,0.154,China
Colombia,6.004,1.38,1.513,0.587,0.777,0.039,0.051,Colombia
Comoros,3.754,0.835,0.501,0.428,0.26,0.117,0.164,Comoros
Congo,5.03,1.023,0.796,0.336,0.626,0.082,0.126,Congo
Costa Rica,7.274,1.492,1.6,0.68,0.948,0.067,0.118,Costa Rica
Côte d’Ivoire,5.102,1.038,0.76,0.206,0.661,0.1,0.162,Côte d’Ivoire
Croatia,5.87,1.644,1.673,0.669,0.478,0.022,0.065,Croatia
Cyprus,5.942,1.72,1.348,0.84,0.612,0.108,0.041,Cyprus
Czechia,6.775,1.692,1.716,0.658,0.916,0.118,0.084,Czechia
Denmark,7.521,1.825,1.748,0.82,0.955,0.15,0.488,Denmark
Dominican Republic,5.846,1.457,1.5,0.615,0.866,0.063,0.186,Dominican Republic
DR Congo,3.469,0.544,0.929,0.278,0.6,0.151,0.061,DR Congo
Ecuador,5.965,1.299,1.32,0.702,0.712,0.058,0.066,Ecuador
Egypt,3.817,1.347,1.075,0.473,0.593,0.018,0.103,"Egypt, Arab Rep."
El Salvador,6.492,1.222,1.228,0.559,0.955,0.054,0.264,El Salvador
Estonia,6.417,1.65,1.716,0.642,0.902,0.128,0.378,Estonia
Eswatini,3.774,1.183,1.152,0.038,0.428,0.054,0.13,Eswatini
Ethiopia,3.898,0.757,1.051,0.416,0.54,0.182,0.1,Ethiopia
Finland,7.736,1.749,1.783,0.824,0.986,0.11,0.502,Finland
France,6.593,1.733,1.535,0.832,0.743,0.099,0.264,France
Gabon,5.12,1.386,1.224,0.387,0.651,0.042,0.086,Gabon
Gambia,4.423,0.778,0.958,0.348,0.611,0.255,0.045,"Gambia, The"
Georgia,5.4,1.444,1.275,0.482,0.844,0.0,0.172,Georgia
Germany,6.753,1.785,1.625,0.776,0.858,0.148,0.351,Germany
Ghana,4.34,1.053,1.01,0.438,0.771,0.139,0.025,Ghana
Greece,5.776,1.608,1.438,0.725,0.396,0.003,0.063,Greece
Guatemala,6.362,1.249,1.33,0.376,0.882,0.075,0.085,Guatemala
Guinea,4.929,0.873,0.791,0.306,0.676,0.157,0.098,Guinea
Honduras,5.964,1.036,1.187,0.436,0.862,0.134,0.079,Honduras
Hong Kong SAR of China,5.491,1.79,1.41,0.948,0.674,0.116,0.386,Hong Kong SAR of China
Hungary,5.915,1.638,1.742,0.587,0.681,0.099,0.057,Hungary
Iceland,7.515,1.799,1.84,0.873,0.971,0.201,0.173,Iceland
India,4.389,1.149,0.86,0.316,0.914,0.141,0.12,India
Indonesia,5.617,1.288,1.372,0.454,0.918,0.323,0.044,Indonesia
Iran,5.093,1.33,1.367,0.609,0.456,0.202,0.122,"Iran, Islamic Rep."
Iraq,4.976,1.261,1.275,0.589,0.503,0.1,0.069,Iraq
Ireland,6.889,1.988,1.659,0.823,0.906,0.179,0.382,Ireland
Israel,7.234,1.695,1.743,0.824,0.74,0.144,0.193,Israel
Italy,6.415,1.724,1.526,0.852,0.641,0.082,0.071,Italy
Jamaica,5.87,1.182,1.545,0.504,0.869,0.075,0.019,Jamaica
Japan,6.147,1.678,1.55,0.921,0.746,0.014,0.2,Japan
Jordan,4.31,1.158,1.202,0.573,0.7,0.051,0.164,Jordan
Kazakhstan,6.378,1.586,1.688,0.504,0.878,0.111,0.118,Kazakhstan
Kenya,4.51,0.994,1.047,0.448,0.649,0.22,0.073,Kenya
Kosovo,6.659,1.281,1.454,0.896,0.893,0.201,0.087,Kosovo
Kuwait,6.629,1.691,1.481,0.766,0.934,0.143,0.167,Kuwait
Kyrgyzstan,5.858,1.032,1.715,0.647,0.981,0.169,0.053,Kyrgyz Republic
Lao PDR,5.301,1.122,1.01,0.493,0.916,0.145,0.164,Lao PDR
Latvia,6.207,1.619,1.711,0.503,0.789,0.108,0.082,Latvia
Lebanon,3.188,1.223,0.984,0.44,0.279,0.071,0.041,Lebanon
Lesotho,3.757,0.737,1.131,0.0,0.606,0.065,0.072,Lesotho
Liberia,4.277,0.582,0.888,0.324,0.653,0.143,0.068,Liberia
Libya,5.82,1.247,1.309,0.549,0.724,0.111,0.214,Libya
Lithuania,6.829,1.684,1.699,0.592,0.702,0.031,0.123,Lithuania
Luxembourg,7.122,2.028,1.558,0.864,0.931,0.117,0.397,Luxembourg
Madagascar,4.157,0.588,0.938,0.341,0.292,0.131,0.118,Madagascar
Malawi,3.26,0.588,0.489,0.28,0.677,0.115,0.136,Malawi
Malaysia,5.955,1.571,1.315,0.446,0.991,0.181,0.11,Malaysia
Mali,4.345,0.709,0.908,0.318,0.767,0.093,0.114,Mali
Malta,6.316,1.76,1.671,0.837,0.837,0.217,0.115,Malta
Mauritania,4.542,1.023,0.919,0.516,0.454,0.113,0.195,Mauritania
Mauritius,5.832,1.499,1.521,0.617,0.761,0.095,0.13,Mauritius
Mexico,6.979,1.435,1.504,0.55,0.879,0.057,0.118,Mexico
Mongolia,5.833,1.336,1.731,0.423,0.629,0.18,0.053,Mongolia
Montenegro,5.877,1.507,1.551,0.618,0.768,0.075,0.138,Montenegro
Morocco,4.622,1.139,0.635,0.585,0.748,0.031,0.095,Morocco
Mozambique,5.19,0.559,1.131,0.124,0.813,0.127,0.173,Mozambique
Myanmar,4.321,0.975,1.144,0.446,0.569,0.322,0.163,Myanmar
Namibia,4.911,1.182,1.482,0.104,0.564,0.052,0.056,Namibia
Nepal,5.311,0.944,1.21,0.463,0.764,0.155,0.099,Nepal
Netherlands,7.306,1.822,1.667,0.844,0.86,0.186,0.344,Netherlands
New Zealand,6.952,1.698,1.712,0.815,0.861,0.167,0.429,New Zealand
Nicaragua,6.33,1.084,1.47,0.646,0.912,0.103,0.271,Nicaragua
Niger,4.725,0.606,0.796,0.258,0.759,0.122,0.137,Niger
Nigeria,4.885,0.989,1.245,0.38,0.639,0.17,0.028,Nigeria
North Macedonia,5.503,1.458,1.537,0.544,0.637,0.13,0.007,North Macedonia
Norway,7.262,1.902,1.711,0.863,0.962,0.168,0.425,Norway
Oman,6.197,1.603,1.411,0.5,0.93,0.142,,Oman
Pakistan,4.768,0.982,0.759,0.417,0.529,0.136,0.046,Pakistan
Panama,6.407,1.594,1.6,0.717,0.876,0.041,0.042,Panama
Paraguay,6.172,1.329,1.615,0.291,0.921,0.097,0.063,Paraguay
Peru,5.947,1.323,1.364,0.551,0.71,0.05,0.021,Peru
Philippines,6.107,1.177,1.385,0.315,0.966,0.075,0.11,Philippines
Poland,6.673,1.666,1.595,0.63,0.79,0.021,0.169,Poland
Portugal,6.013,1.646,1.56,0.822,0.879,0.04,0.034,Portugal
Republic of Korea,6.038,1.709,1.357,0.903,0.678,0.1,0.139,Republic of Korea
Republic of Moldova,5.819,1.332,1.43,0.414,0.83,0.054,0.037,Republic of Moldova
Romania,6.563,1.636,1.401,0.561,0.847,0.028,0.015,Romania
Russian Federation,5.945,1.63,1.549,0.47,0.702,0.095,0.125,Russian Federation
Saudi Arabia,6.6,1.743,1.566,0.714,0.915,0.105,0.187,Saudi Arabia
Senegal,4.856,0.907,0.977,0.433,0.767,0.129,0.09,Senegal
Serbia,6.606,1.489,1.62,0.545,0.767,0.131,0.107,Serbia
Sierra Leone,2.998,0.786,0.692,0.327,0.613,0.138,0.052,Sierra Leone
Singapore,6.565,2.022,1.565,0.935,0.856,0.164,0.522,Singapore
Slovakia,6.221,1.629,1.762,0.547,0.704,0.058,0.07,Slovak Republic
Slovenia,6.792,1.692,1.718,0.802,0.961,0.121,0.113,Slovenia
Somalia,4.347,0.535,0.877,0.046,0.916,0.206,0.192,"Somalia, Fed. Rep."
South Africa,5.213,1.283,1.465,0.142,0.676,0.064,0.043,South Africa
Spain,6.466,1.69,1.685,0.894,0.734,0.112,0.18,Spain
Sri Lanka,3.891,1.271,1.308,0.567,0.696,0.121,0.025,Sri Lanka
State of Palestine,4.78,1.047,1.456,,0.618,0.055,0.081,West Bank and Gaza
Sweden,7.345,1.783,1.698,0.889,0.952,0.17,0.467,Sweden
Switzerland,6.935,1.87,1.622,0.883,0.889,0.156,0.468,Switzerland
Taiwan Province of China,6.669,1.73,1.583,0.817,0.76,0.057,0.187,Taiwan Province of China
Tajikistan,5.411,0.914,1.555,0.658,,0.085,0.342,Tajikistan
Tanzania,3.8,0.847,0.908,0.411,0.858,0.153,0.243,Tanzania
Thailand,6.222,1.426,1.551,0.633,0.927,0.223,0.039,Thailand
Togo,4.315,0.757,0.736,0.378,0.576,0.097,0.153,Togo
Trinidad and Tobago,5.905,1.549,1.532,0.419,0.76,0.111,0.001,Trinidad and Tobago
Tunisia,4.552,1.257,1.224,0.459,0.382,0.032,0.05,Tunisia
Türkiye,5.262,1.582,1.444,0.626,0.244,0.04,0.104,Türkiye
Uganda,4.461,0.762,1.342,0.396,0.751,0.148,0.05,Uganda
Ukraine,4.68,1.328,1.472,0.472,0.689,0.245,0.023,Ukraine
United Arab Emirates,6.759,1.812,1.294,0.659,0.934,0.165,0.235,United Arab Emirates
United Kingdom,6.728,1.725,1.562,0.779,0.872,0.211,0.318,United Kingdom
United States,6.724,1.839,1.614,0.604,0.644,0.171,0.161,United States
Uruguay,6.661,1.554,1.654,0.523,0.913,0.078,0.197,Uruguay
Uzbekistan,6.193,1.179,1.615,0.654,0.977,0.195,0.208,Uzbekistan
Venezuela,5.683,0.0,1.493,0.515,0.702,0.154,0.117,"Venezuela, RB"
Viet Nam,6.352,1.278,1.533,0.631,1.012,0.039,0.174,Viet Nam
Yemen,3.561,0.631,1.482,0.375,0.447,0.066,0.106,"Yemen, Rep."
Zambia,3.912,0.848,1.013,0.233,0.872,0.131,0.107,Zambia
Zimbabwe,3.396,0.827,0.961,0.178,0.598,0.065,0.131,Zimbabwe
